id,isResult,side,h,a,goals,xG,datetime
29611,False,h,"{'id': '275', 'title': 'Auxerre', 'short_title': 'AUX'}","{'id': '282', 'title': 'Le Havre', 'short_title': 'LHV'}","{'h': None, 'a': None}","{'h': None, 'a': None}",2025-10-26 15:15:00
29627,False,a,"{'id': '225', 'title': 'Strasbourg', 'short_title': 'STR'}","{'id': '275', 'title': 'Auxerre', 'short_title': 'AUX'}","{'h': None, 'a': None}","{'h': None, 'a': None}",2025-10-29 19:05:00
29628,False,h,"{'id': '275', 'title': 'Auxerre', 'short_title': 'AUX'}","{'id': '164', 'title': 'Marseille', 'short_title': 'MAR'}","{'h': None, 'a': None}","{'h': None, 'a': None}",2025-11-02 12:00:00
29637,False,a,"{'id': '167', 'title': 'Angers', 'short_title': 'ANG'}","{'id': '275', 'title': 'Auxerre', 'short_title': 'AUX'}","{'h': None, 'a': None}","{'h': None, 'a': None}",2025-11-09 12:00:00
29646,False,h,"{'id': '275', 'title': 'Auxerre', 'short_title': 'AUX'}","{'id': '178', 'title': 'Lyon', 'short_title': 'LYO'}","{'h': None, 'a': None}","{'h': None, 'a': None}",2025-11-23 12:00:00
29662,False,a,"{'id': '290', 'title': 'Paris FC', 'short_title': 'PAR'}","{'id': '275', 'title': 'Auxerre', 'short_title': 'AUX'}","{'h': None, 'a': None}","{'h': None, 'a': None}",2025-11-30 12:00:00
29664,False,h,"{'id': '275', 'title': 'Auxerre', 'short_title': 'AUX'}","{'id': '180', 'title': 'Metz', 'short_title': 'MET'}","{'h': None, 'a': None}","{'h': None, 'a': None}",2025-12-07 12:00:00
29674,False,h,"{'id': '275', 'title': 'Auxerre', 'short_title': 'AUX'}","{'id': '160', 'title': 'Lille', 'short_title': 'LIL'}","{'h': None, 'a': None}","{'h': None, 'a': None}",2025-12-14 12:00:00
29682,False,a,"{'id': '241', 'title': 'Brest', 'short_title': 'BRE'}","{'id': '275', 'title': 'Auxerre', 'short_title': 'AUX'}","{'h': None, 'a': None}","{'h': None, 'a': None}",2026-01-04 12:00:00
29692,False,a,"{'id': '210', 'title': 'Lens', 'short_title': 'LEN'}","{'id': '275', 'title': 'Auxerre', 'short_title': 'AUX'}","{'h': None, 'a': None}","{'h': None, 'a': None}",2026-01-18 12:00:00
29700,False,h,"{'id': '275', 'title': 'Auxerre', 'short_title': 'AUX'}","{'id': '161', 'title': 'Paris Saint Germain', 'short_title': 'PSG'}","{'h': None, 'a': None}","{'h': None, 'a': None}",2026-01-25 12:00:00
29717,False,a,"{'id': '174', 'title': 'Toulouse', 'short_title': 'TOU'}","{'id': '275', 'title': 'Auxerre', 'short_title': 'AUX'}","{'h': None, 'a': None}","{'h': None, 'a': None}",2026-02-01 12:00:00
29719,False,h,"{'id': '275', 'title': 'Auxerre', 'short_title': 'AUX'}","{'id': '290', 'title': 'Paris FC', 'short_title': 'PAR'}","{'h': None, 'a': None}","{'h': None, 'a': None}",2026-02-08 12:00:00
29732,False,a,"{'id': '180', 'title': 'Metz', 'short_title': 'MET'}","{'id': '275', 'title': 'Auxerre', 'short_title': 'AUX'}","{'h': None, 'a': None}","{'h': None, 'a': None}",2026-02-15 12:00:00
29737,False,h,"{'id': '275', 'title': 'Auxerre', 'short_title': 'AUX'}","{'id': '163', 'title': 'Rennes', 'short_title': 'REN'}","{'h': None, 'a': None}","{'h': None, 'a': None}",2026-02-22 12:00:00
29747,False,a,"{'id': '179', 'title': 'Lorient', 'short_title': 'LOR'}","{'id': '275', 'title': 'Auxerre', 'short_title': 'AUX'}","{'h': None, 'a': None}","{'h': None, 'a': None}",2026-03-01 12:00:00
29754,False,h,"{'id': '275', 'title': 'Auxerre', 'short_title': 'AUX'}","{'id': '225', 'title': 'Strasbourg', 'short_title': 'STR'}","{'h': None, 'a': None}","{'h': None, 'a': None}",2026-03-08 12:00:00
29766,False,a,"{'id': '164', 'title': 'Marseille', 'short_title': 'MAR'}","{'id': '275', 'title': 'Auxerre', 'short_title': 'AUX'}","{'h': None, 'a': None}","{'h': None, 'a': None}",2026-03-15 12:00:00
29772,False,h,"{'id': '275', 'title': 'Auxerre', 'short_title': 'AUX'}","{'id': '241', 'title': 'Brest', 'short_title': 'BRE'}","{'h': None, 'a': None}","{'h': None, 'a': None}",2026-03-22 12:00:00
29783,False,a,"{'id': '282', 'title': 'Le Havre', 'short_title': 'LHV'}","{'id': '275', 'title': 'Auxerre', 'short_title': 'AUX'}","{'h': None, 'a': None}","{'h': None, 'a': None}",2026-04-05 12:00:00
29790,False,h,"{'id': '275', 'title': 'Auxerre', 'short_title': 'AUX'}","{'id': '168', 'title': 'Nantes', 'short_title': 'NAN'}","{'h': None, 'a': None}","{'h': None, 'a': None}",2026-04-12 12:00:00
29804,False,a,"{'id': '171', 'title': 'Monaco', 'short_title': 'MON'}","{'id': '275', 'title': 'Auxerre', 'short_title': 'AUX'}","{'h': None, 'a': None}","{'h': None, 'a': None}",2026-04-19 12:00:00
29812,False,a,"{'id': '178', 'title': 'Lyon', 'short_title': 'LYO'}","{'id': '275', 'title': 'Auxerre', 'short_title': 'AUX'}","{'h': None, 'a': None}","{'h': None, 'a': None}",2026-04-26 12:00:00
29817,False,h,"{'id': '275', 'title': 'Auxerre', 'short_title': 'AUX'}","{'id': '167', 'title': 'Angers', 'short_title': 'ANG'}","{'h': None, 'a': None}","{'h': None, 'a': None}",2026-05-03 12:00:00
29827,False,h,"{'id': '275', 'title': 'Auxerre', 'short_title': 'AUX'}","{'id': '170', 'title': 'Nice', 'short_title': 'NIC'}","{'h': None, 'a': None}","{'h': None, 'a': None}",2026-05-09 12:00:00
29836,False,a,"{'id': '160', 'title': 'Lille', 'short_title': 'LIL'}","{'id': '275', 'title': 'Auxerre', 'short_title': 'AUX'}","{'h': None, 'a': None}","{'h': None, 'a': None}",2026-05-16 12:00:00
